<?xml version="1.0" encoding="UTF-8"?>
    <addon id="repository.vincentjenei" name="Vincent's Repo" version="1.0.0" provider-name="Vincent Jenei">
        <requires>
            <import addon="xbmc.addon" version="12.0.0"/>
        </requires>
        <extension point="xbmc.addon.repository" name="Vincent's Repo">
            <info compressed="false">https://raw.githubusercontent.com/vincentjenei/repo/_repo/addons.xml</info>
            <checksum>https://raw.githubusercontent.com/vincentjenei/repo/_repo/addons.xml.md5</checksum>
            <datadir zip="true">https://raw.githubusercontent.com/vincentjenei/repo/_repo/</datadir>
            <hashes>false</hashes>
        </extension>
        <extension point="xbmc.addon.metadata">
            <summary>I may occasionally put addons on here.</summary>
            <description>The KODI Github repo for Vincent.</description>
            <platform>all</platform>
    </extension>
</addon>